{"x": 224.16477424407913, "y": 310.6490283455588, "playerNumber": 1}