{"x": 361.6626314734928, "y": 78.96891280306637, "playerNumber": 1}