{"x": 237.63187710289617, "y": 329.8006785134295, "playerNumber": 2}