{"x": 298.12811131593065, "y": 204.3677911367282, "playerNumber": 2}